"","Date","Heathrow","Haringey"
"1","01/01/2000",23.2,22.3
"2","02/01/2000",11.3,11.2
"3","03/01/2000",8.4,7.2
"4","04/01/2000",11,14.1
"5","05/01/2000",19.6,20.1
"6","06/01/2000",18.6,20.1
"7","07/01/2000",20.9,23.4
"8","08/01/2000",16.3,19.2
"9","09/01/2000",29.8,23.4
"10","10/01/2000",34.8,35.6
"11","11/01/2000",NA,17.4
"12","12/01/2000",NA,23.6
"13","13/01/2000",23.8,NA
"14","14/01/2000",25.5,16.7
"15","15/01/2000",27,19.9
"16","16/01/2000",22.9,14.6
"17","17/01/2000",30.7,20.9
"18","18/01/2000",22.4,15
"19","19/01/2000",27,17.3
"20","20/01/2000",38.6,26.6
"21","21/01/2000",28.1,17.1
"22","22/01/2000",12.4,11.4
"23","23/01/2000",17.3,12.8
"24","24/01/2000",37.2,25.8
"25","25/01/2000",46.7,38.1
"26","26/01/2000",34.7,35.2
"27","27/01/2000",38,29.9
"28","28/01/2000",16.4,19.5
"29","29/01/2000",11.1,12
"30","30/01/2000",13.1,15.2
"31","31/01/2000",19.1,18.9
"32","01/02/2000",23.3,23.1
"33","02/02/2000",20.1,15.6
"34","03/02/2000",17.4,20.5
"35","04/02/2000",19.4,19.7
"36","05/02/2000",30.4,30.4
"37","06/02/2000",23.6,22.3
"38","07/02/2000",24.1,NA
"39","08/02/2000",23.5,20.5
"40","09/02/2000",26,24.3
"41","10/02/2000",20.1,17.4
"42","11/02/2000",19.6,21.5
"43","12/02/2000",12.5,13.5
"44","13/02/2000",32.5,23.4
"45","14/02/2000",29.2,29.3
"46","15/02/2000",NA,14.6
"47","16/02/2000",13.1,12.4
"48","17/02/2000",19.1,14.2
"49","18/02/2000",20.4,17.5
"50","19/02/2000",18.5,13.5
"51","20/02/2000",26.6,22
"52","21/02/2000",32.3,25.3
"53","22/02/2000",37.4,40
"54","23/02/2000",20.8,22.6
"55","24/02/2000",13.6,13
"56","25/02/2000",18.1,16.1
"57","26/02/2000",21.9,22.6
"58","27/02/2000",20.1,21
"59","28/02/2000",8.8,12.7
"60","29/02/2000",8.9,10
"61","01/03/2000",20,12.6
"62","02/03/2000",24.4,25.7
"63","03/03/2000",34.5,28.7
"64","04/03/2000",20.7,15
"65","05/03/2000",16,16.4
"66","06/03/2000",21,19.7
"67","07/03/2000",39.9,NA
"68","08/03/2000",17.8,NA
"69","09/03/2000",15.8,15.5
"70","10/03/2000",27.9,28.4
"71","11/03/2000",29.9,26.8
"72","12/03/2000",40.7,34.7
"73","13/03/2000",43.3,36.7
"74","14/03/2000",21.7,23.4
"75","15/03/2000",25.8,19.3
"76","16/03/2000",28,21.4
"77","17/03/2000",32,25.3
"78","18/03/2000",26.1,26.5
"79","19/03/2000",33.3,27.9
"80","20/03/2000",47.8,38.2
"81","21/03/2000",38.5,36.4
"82","22/03/2000",44.7,56.6
"83","23/03/2000",46.9,53.8
"84","24/03/2000",17.8,NA
"85","25/03/2000",6.9,NA
"86","26/03/2000",13.6,NA
"87","27/03/2000",12.6,NA
"88","28/03/2000",16.5,NA
"89","29/03/2000",28,NA
"90","30/03/2000",31.6,NA
"91","31/03/2000",24.8,NA
"92","01/04/2000",13.4,21.7
"93","02/04/2000",13.3,18.6
"94","03/04/2000",10.7,17.6
"95","04/04/2000",6.9,13
"96","05/04/2000",13.5,20.2
"97","06/04/2000",21.2,22.7
"98","07/04/2000",25.2,25.7
"99","08/04/2000",39.1,29.3
"100","09/04/2000",24.3,19.2
"101","10/04/2000",23.4,21.9
"102","11/04/2000",14.1,17
"103","12/04/2000",10.5,11.9
"104","13/04/2000",17,14.9
"105","14/04/2000",25.3,18.4
"106","15/04/2000",12.4,11.1
"107","16/04/2000",17.5,19.7
"108","17/04/2000",14.5,14.6
"109","18/04/2000",15.4,17.3
"110","19/04/2000",13.2,14.4
"111","20/04/2000",14.7,17.5
"112","21/04/2000",22.7,22.8
"113","22/04/2000",16.1,18
"114","23/04/2000",17.5,18.6
"115","24/04/2000",14.2,15.8
"116","25/04/2000",12.8,16.3
"117","26/04/2000",11.5,16.9
"118","27/04/2000",12.9,20.1
"119","28/04/2000",32.8,21.5
"120","29/04/2000",11.5,15.9
"121","30/04/2000",22.9,21.1
"122","01/05/2000",19.2,15.9
"123","02/05/2000",18.7,NA
"124","03/05/2000",11.5,NA
"125","04/05/2000",23.3,NA
"126","05/05/2000",32.1,NA
"127","06/05/2000",49.2,NA
"128","07/05/2000",42.4,NA
"129","08/05/2000",42.5,NA
"130","09/05/2000",50,NA
"131","10/05/2000",NA,NA
"132","11/05/2000",NA,27.2
"133","12/05/2000",NA,35.6
"134","13/05/2000",NA,40.5
"135","14/05/2000",NA,45.6
"136","15/05/2000",NA,34.3
"137","16/05/2000",18.4,24.6
"138","17/05/2000",16.3,15.8
"139","18/05/2000",12.5,10.9
"140","19/05/2000",15.6,10.4
"141","20/05/2000",17.8,16.1
"142","21/05/2000",13.9,12.1
"143","22/05/2000",19.6,17.1
"144","23/05/2000",12.6,12.5
"145","24/05/2000",17.2,19.2
"146","25/05/2000",15.8,15.4
"147","26/05/2000",18.8,18.5
"148","27/05/2000",10.8,11
"149","28/05/2000",10.1,7.9
"150","29/05/2000",11.9,10.4
"151","30/05/2000",20.4,17.9
"152","31/05/2000",24.5,23.3
"153","01/06/2000",17.7,15.8
"154","02/06/2000",15.1,16.2
"155","03/06/2000",17.4,21.4
"156","04/06/2000",11.3,12.3
"157","05/06/2000",32.6,25
"158","06/06/2000",23.7,22.7
"159","07/06/2000",20.6,19.4
"160","08/06/2000",24.6,27
"161","09/06/2000",29.1,30
"162","10/06/2000",14.2,14.2
"163","11/06/2000",14.9,15.3
"164","12/06/2000",19.8,20.2
"165","13/06/2000",9.3,9.8
"166","14/06/2000",13.8,15.9
"167","15/06/2000",18.4,15.6
"168","16/06/2000",31.1,35.2
"169","17/06/2000",28.8,30
"170","18/06/2000",21,24.5
"171","19/06/2000",NA,41.4
"172","20/06/2000",35.8,39.9
"173","21/06/2000",19,21.3
"174","22/06/2000",20.8,20.9
"175","23/06/2000",17.8,15.8
"176","24/06/2000",13.9,11.4
"177","25/06/2000",22.7,16.1
"178","26/06/2000",25.6,25.8
"179","27/06/2000",32.1,29.7
"180","28/06/2000",51,45.9
"181","29/06/2000",44.5,40.2
"182","30/06/2000",32.4,30.2
"183","01/07/2000",26.2,26.8
"184","02/07/2000",20,18.3
"185","03/07/2000",22,20.1
"186","04/07/2000",38.7,27.6
"187","05/07/2000",22.7,14.9
"188","06/07/2000",20.4,21.1
"189","07/07/2000",23.3,19.5
"190","08/07/2000",12.4,10.6
"191","09/07/2000",9.1,7.7
"192","10/07/2000",13.3,10.9
"193","11/07/2000",21.3,15.6
"194","12/07/2000",20.4,15.6
"195","13/07/2000",16,11.7
"196","14/07/2000",16.8,12.4
"197","15/07/2000",17.3,12.5
"198","16/07/2000",20.8,16.7
"199","17/07/2000",35.4,27.9
"200","18/07/2000",37.2,33
"201","19/07/2000",32.9,27.1
"202","20/07/2000",29.5,22.9
"203","21/07/2000",38.4,29.9
"204","22/07/2000",18.7,15.9
"205","23/07/2000",15.4,11.4
"206","24/07/2000",13.1,14.2
"207","25/07/2000",28.6,NA
"208","26/07/2000",32.8,NA
"209","27/07/2000",26.1,28.7
"210","28/07/2000",19.7,20
"211","29/07/2000",17.1,15.2
"212","30/07/2000",19.1,15.7
"213","31/07/2000",14.5,16.5
"214","01/08/2000",17.1,17.1
"215","02/08/2000",19.6,18.7
"216","03/08/2000",20.3,15.2
"217","04/08/2000",28.9,22.3
"218","05/08/2000",23.7,19.6
"219","06/08/2000",17.7,12.8
"220","07/08/2000",18.1,12.7
"221","08/08/2000",19.1,21.4
"222","09/08/2000",15.9,16.1
"223","10/08/2000",17.6,NA
"224","11/08/2000",29.1,24.3
"225","12/08/2000",22.8,23.5
"226","13/08/2000",17.3,16
"227","14/08/2000",16.9,17.5
"228","15/08/2000",13.7,15.6
"229","16/08/2000",13.5,15.4
"230","17/08/2000",16.6,17.9
"231","18/08/2000",18.7,22.7
"232","19/08/2000",13,13.9
"233","20/08/2000",18.7,17.6
"234","21/08/2000",15.2,14.8
"235","22/08/2000",18.7,22.1
"236","23/08/2000",29.2,21.5
"237","24/08/2000",40.6,29.4
"238","25/08/2000",39.5,25.8
"239","26/08/2000",31.9,28.6
"240","27/08/2000",16.7,18.9
"241","28/08/2000",12.7,12
"242","29/08/2000",27.3,20.2
"243","30/08/2000",19.5,16.3
"244","31/08/2000",21.9,25.1
"245","01/09/2000",13.8,13.1
"246","02/09/2000",20.6,16
"247","03/09/2000",21.8,18.4
"248","04/09/2000",32.7,25.1
"249","05/09/2000",21.2,21.9
"250","06/09/2000",16.8,16.3
"251","07/09/2000",26.7,24.6
"252","08/09/2000",17.6,14.4
"253","09/09/2000",19.9,17.7
"254","10/09/2000",22.2,20.1
"255","11/09/2000",30,27.8
"256","12/09/2000",18.5,19.5
"257","13/09/2000",19.4,17.6
"258","14/09/2000",17.9,18.3
"259","15/09/2000",18.4,21.4
"260","16/09/2000",15.5,11.1
"261","17/09/2000",16.8,16.4
"262","18/09/2000",9.8,14.7
"263","19/09/2000",18.9,13.9
"264","20/09/2000",12.5,16.4
"265","21/09/2000",22.1,24.1
"266","22/09/2000",17.5,19.4
"267","23/09/2000",19.3,22.8
"268","24/09/2000",18.3,18.8
"269","25/09/2000",13,15.1
"270","26/09/2000",18.1,25.2
"271","27/09/2000",13.5,15.1
"272","28/09/2000",14.6,19.2
"273","29/09/2000",15.1,22.3
"274","30/09/2000",20.3,21.1
"275","01/10/2000",17.2,17.5
"276","02/10/2000",16.6,14.2
"277","03/10/2000",24.3,26.9
"278","04/10/2000",18.5,22.1
"279","05/10/2000",14.9,13.3
"280","06/10/2000",20.3,13.4
"281","07/10/2000",16.1,16.6
"282","08/10/2000",16.2,14
"283","09/10/2000",8.4,13
"284","10/10/2000",7.9,NA
"285","11/10/2000",11.8,12.2
"286","12/10/2000",20.8,24
"287","13/10/2000",27.2,26.6
"288","14/10/2000",16.7,19.1
"289","15/10/2000",25.1,19.9
"290","16/10/2000",19.3,NA
"291","17/10/2000",17.1,21.2
"292","18/10/2000",19.2,20.2
"293","19/10/2000",19.6,25
"294","20/10/2000",23.4,28.4
"295","21/10/2000",18.5,13.1
"296","22/10/2000",19.6,22.2
"297","23/10/2000",12.7,14
"298","24/10/2000",15.8,16
"299","25/10/2000",14.6,12.8
"300","26/10/2000",15.7,16.2
"301","27/10/2000",NA,15.2
"302","28/10/2000",NA,14.2
"303","29/10/2000",NA,10.9
"304","30/10/2000",NA,11.5
"305","31/10/2000",NA,16
"306","01/11/2000",NA,14.8
"307","02/11/2000",NA,15.6
"308","03/11/2000",NA,19.4
"309","04/11/2000",NA,46.7
"310","05/11/2000",NA,26.6
"311","06/11/2000",NA,15
"312","07/11/2000",NA,16.6
"313","08/11/2000",NA,12.7
"314","09/11/2000",NA,17.9
"315","10/11/2000",NA,16.4
"316","11/11/2000",NA,10.5
"317","12/11/2000",NA,16.4
"318","13/11/2000",NA,27.2
"319","14/11/2000",NA,54.6
"320","15/11/2000",NA,39.5
"321","16/11/2000",NA,12.5
"322","17/11/2000",NA,16.3
"323","18/11/2000",NA,14.4
"324","19/11/2000",NA,10.1
"325","20/11/2000",NA,21.5
"326","21/11/2000",NA,21
"327","22/11/2000",NA,19.5
"328","23/11/2000",NA,24.5
"329","24/11/2000",NA,18.1
"330","25/11/2000",NA,19.9
"331","26/11/2000",NA,15.8
"332","27/11/2000",NA,28.1
"333","28/11/2000",NA,21.4
"334","29/11/2000",NA,23.8
"335","30/11/2000",NA,24
"336","01/12/2000",NA,13.6
"337","02/12/2000",NA,23.7
"338","03/12/2000",NA,18
"339","04/12/2000",NA,21.2
"340","05/12/2000",NA,21.6
"341","06/12/2000",NA,19
"342","07/12/2000",NA,23.4
"343","08/12/2000",NA,13.9
"344","09/12/2000",NA,16.1
"345","10/12/2000",NA,18.5
"346","11/12/2000",NA,20.5
"347","12/12/2000",NA,10.6
"348","13/12/2000",NA,18
"349","14/12/2000",NA,14.9
"350","15/12/2000",NA,15.2
"351","16/12/2000",NA,19.5
"352","17/12/2000",NA,29.4
"353","18/12/2000",NA,22.1
"354","19/12/2000",NA,28.3
"355","20/12/2000",NA,24.7
"356","21/12/2000",NA,28.8
"357","22/12/2000",NA,28.1
"358","23/12/2000",NA,35.6
"359","24/12/2000",NA,17.3
"360","25/12/2000",NA,10
"361","26/12/2000",NA,11
"362","27/12/2000",NA,14.8
"363","28/12/2000",NA,16.2
"364","29/12/2000",NA,18
"365","30/12/2000",NA,14.4
"366","31/12/2000",NA,17.8
"367","01/01/2001",NA,15.6
"368","02/01/2001",NA,14.2
"369","03/01/2001",NA,18.7
"370","04/01/2001",NA,12.6
"371","05/01/2001",NA,12.1
"372","06/01/2001",NA,17
"373","07/01/2001",NA,16.4
"374","08/01/2001",NA,16.8
"375","09/01/2001",NA,33.3
"376","10/01/2001",NA,19
"377","11/01/2001",NA,18.5
"378","12/01/2001",NA,16.4
"379","13/01/2001",NA,19.5
"380","14/01/2001",NA,15.7
"381","15/01/2001",NA,27.4
"382","16/01/2001",NA,42.9
"383","17/01/2001",NA,50.3
"384","18/01/2001",NA,51.1
"385","19/01/2001",NA,44.1
"386","20/01/2001",NA,37.2
"387","21/01/2001",NA,23.2
"388","22/01/2001",NA,19.2
"389","23/01/2001",NA,18.7
"390","24/01/2001",NA,17.9
"391","25/01/2001",NA,13
"392","26/01/2001",NA,14.9
"393","27/01/2001",NA,19.3
"394","28/01/2001",NA,27.4
"395","29/01/2001",NA,24.8
"396","30/01/2001",NA,21.4
"397","31/01/2001",NA,22
"398","01/02/2001",NA,32.4
"399","02/02/2001",NA,15.8
"400","03/02/2001",NA,11.7
"401","04/02/2001",NA,11.1
"402","05/02/2001",NA,17
"403","06/02/2001",NA,19.1
"404","07/02/2001",NA,26.8
"405","08/02/2001",NA,15.6
"406","09/02/2001",NA,29.1
"407","10/02/2001",NA,20.1
"408","11/02/2001",NA,13.4
"409","12/02/2001",NA,18.8
"410","13/02/2001",NA,31.5
"411","14/02/2001",NA,27.7
"412","15/02/2001",NA,53.4
"413","16/02/2001",NA,26.9
"414","17/02/2001",NA,26.1
"415","18/02/2001",NA,24.8
"416","19/02/2001",NA,22.1
"417","20/02/2001",NA,27.9
"418","21/02/2001",NA,13.2
"419","22/02/2001",NA,NA
"420","23/02/2001",NA,NA
"421","24/02/2001",NA,18.1
"422","25/02/2001",NA,10.7
"423","26/02/2001",NA,19.1
"424","27/02/2001",NA,23.2
"425","28/02/2001",NA,19.7
"426","01/03/2001",NA,15.1
"427","02/03/2001",NA,20.5
"428","03/03/2001",NA,26.3
"429","04/03/2001",NA,32
"430","05/03/2001",NA,43.6
"431","06/03/2001",NA,39
"432","07/03/2001",NA,25.4
"433","08/03/2001",NA,25
"434","09/03/2001",NA,16.1
"435","10/03/2001",NA,13.7
"436","11/03/2001",NA,13
"437","12/03/2001",NA,10.7
"438","13/03/2001",NA,14.6
"439","14/03/2001",NA,17.3
"440","15/03/2001",NA,21.1
"441","16/03/2001",NA,21.1
"442","17/03/2001",NA,11.8
"443","18/03/2001",NA,9.6
"444","19/03/2001",NA,20.5
"445","20/03/2001",NA,16.6
"446","21/03/2001",NA,19
"447","22/03/2001",NA,25.7
"448","23/03/2001",NA,19.3
"449","24/03/2001",NA,14.8
"450","25/03/2001",NA,24
"451","26/03/2001",NA,26.8
"452","27/03/2001",NA,27.7
"453","28/03/2001",NA,12.8
"454","29/03/2001",NA,15
"455","30/03/2001",NA,16.2
"456","31/03/2001",NA,20.3
"457","01/04/2001",NA,16.1
"458","02/04/2001",NA,23.6
"459","03/04/2001",NA,14.3
"460","04/04/2001",NA,9.9
"461","05/04/2001",NA,17.8
"462","06/04/2001",NA,22.9
"463","07/04/2001",NA,14.2
"464","08/04/2001",NA,12
"465","09/04/2001",NA,13.1
"466","10/04/2001",NA,16.6
"467","11/04/2001",NA,21.8
"468","12/04/2001",NA,20
"469","13/04/2001",NA,17.1
"470","14/04/2001",NA,18
"471","15/04/2001",NA,7.8
"472","16/04/2001",NA,14
"473","17/04/2001",NA,21.8
"474","18/04/2001",NA,16.7
"475","19/04/2001",NA,17.9
"476","20/04/2001",NA,16.6
"477","21/04/2001",NA,17.6
"478","22/04/2001",NA,20.7
"479","23/04/2001",NA,25.9
"480","24/04/2001",NA,26.1
"481","25/04/2001",NA,18.5
"482","26/04/2001",NA,16.2
"483","27/04/2001",NA,16.9
"484","28/04/2001",NA,13.4
"485","29/04/2001",NA,12.2
"486","30/04/2001",NA,16.9
"487","01/05/2001",NA,15
"488","02/05/2001",NA,17.1
"489","03/05/2001",NA,16.8
"490","04/05/2001",NA,19.1
"491","05/05/2001",NA,14.5
"492","06/05/2001",NA,14.5
"493","07/05/2001",NA,17
"494","08/05/2001",NA,15.8
"495","09/05/2001",32.2,20.9
"496","10/05/2001",46.5,31.8
"497","11/05/2001",43.9,33.3
"498","12/05/2001",24.1,18.6
"499","13/05/2001",25.7,23.9
"500","14/05/2001",37.3,22.8
"501","15/05/2001",24.5,18.6
"502","16/05/2001",10,13.6
"503","17/05/2001",8.7,11.2
"504","18/05/2001",16.8,15.1
"505","19/05/2001",19.1,16.2
"506","20/05/2001",21.8,20.6
"507","21/05/2001",19.6,13.3
"508","22/05/2001",17.1,11.5
"509","23/05/2001",25.5,21.9
"510","24/05/2001",30.9,22.5
"511","25/05/2001",36.6,26
"512","26/05/2001",30.9,30.1
"513","27/05/2001",16,14.7
"514","28/05/2001",17.5,14.1
"515","29/05/2001",21.1,17.4
"516","30/05/2001",25.1,19.7
"517","31/05/2001",19.8,16.3
"518","01/06/2001",19.2,12.8
"519","02/06/2001",19.8,14.7
"520","03/06/2001",16.2,14.2
"521","04/06/2001",21.1,18.9
"522","05/06/2001",27.2,24.6
"523","06/06/2001",19.4,20.9
"524","07/06/2001",13.6,11.7
"525","08/06/2001",22.4,14.9
"526","09/06/2001",22.8,18.9
"527","10/06/2001",17.8,11.7
"528","11/06/2001",22.4,15.5
"529","12/06/2001",20.9,16.7
"530","13/06/2001",25.3,26.6
"531","14/06/2001",23.2,29.1
"532","15/06/2001",21.5,19.8
"533","16/06/2001",13.2,13.2
"534","17/06/2001",21,16.3
"535","18/06/2001",23,16.2
"536","19/06/2001",24.9,24.3
"537","20/06/2001",22.5,19.3
"538","21/06/2001",24.9,21.8
"539","22/06/2001",26.9,19
"540","23/06/2001",22.8,20.8
"541","24/06/2001",36.8,31.9
"542","25/06/2001",41.5,31.2
"543","26/06/2001",36.7,42.2
"544","27/06/2001",27.8,25.9
"545","28/06/2001",21.4,18.5
"546","29/06/2001",21.2,17.8
"547","30/06/2001",15.5,17.2
"548","01/07/2001",24.2,22.8
"549","02/07/2001",27.6,29.8
"550","03/07/2001",33.3,39.5
"551","04/07/2001",42.8,34.7
"552","05/07/2001",41.7,37.9
"553","06/07/2001",24.1,30.1
"554","07/07/2001",33.3,32.6
"555","08/07/2001",15.7,15.4
"556","09/07/2001",17.8,16.4
"557","10/07/2001",12.8,15.2
"558","11/07/2001",27,23.5
"559","12/07/2001",15.7,16.9
"560","13/07/2001",15.1,14.2
"561","14/07/2001",18.4,13.7
"562","15/07/2001",12.2,11.4
"563","16/07/2001",18.4,19.6
"564","17/07/2001",18.9,20.9
"565","18/07/2001",NA,19.7
"566","19/07/2001",NA,16.6
"567","20/07/2001",16.6,17.1
"568","21/07/2001",11.6,11.5
"569","22/07/2001",17.3,17.3
"570","23/07/2001",20.8,19.1
"571","24/07/2001",26.4,13.5
"572","25/07/2001",25.6,31.8
"573","26/07/2001",31.1,30.9
"574","27/07/2001",40.8,34.7
"575","28/07/2001",38.1,34.3
"576","29/07/2001",33,31.1
"577","30/07/2001",29.6,18.8
"578","31/07/2001",31,19.6
"579","01/08/2001",20.1,19.9
"580","02/08/2001",34.9,24.9
"581","03/08/2001",19.8,20.1
"582","04/08/2001",12.6,13.1
"583","05/08/2001",11,10.5
"584","06/08/2001",15.5,13.3
"585","07/08/2001",14.8,16.4
"586","08/08/2001",15.5,13.1
"587","09/08/2001",23.3,13.2
"588","10/08/2001",12.8,12.9
"589","11/08/2001",NA,14.8
"590","12/08/2001",NA,15.8
"591","13/08/2001",19.4,20.8
"592","14/08/2001",19.5,23.5
"593","15/08/2001",29.4,33.1
"594","16/08/2001",13.2,14.8
"595","17/08/2001",13.4,16.1
"596","18/08/2001",24.4,24.8
"597","19/08/2001",14.3,14.9
"598","20/08/2001",17.7,18.8
"599","21/08/2001",24.2,22.1
"600","22/08/2001",26.3,26.4
"601","23/08/2001",55.3,45.6
"602","24/08/2001",33,36.1
"603","25/08/2001",35,37.4
"604","26/08/2001",37,39
"605","27/08/2001",14.2,14.9
"606","28/08/2001",23,23.1
"607","29/08/2001",31.7,28
"608","30/08/2001",32,26.8
"609","31/08/2001",17.1,12.5
"610","01/09/2001",14.7,13.4
"611","02/09/2001",13.8,12.5
"612","03/09/2001",10.6,7.8
"613","04/09/2001",17.1,13.7
"614","05/09/2001",21.8,17
"615","06/09/2001",16.5,15.8
"616","07/09/2001",31.7,17.2
"617","08/09/2001",13.1,11
"618","09/09/2001",13,10.8
"619","10/09/2001",28.7,16.3
"620","11/09/2001",34.5,14.8
"621","12/09/2001",22.8,15.8
"622","13/09/2001",13.1,13.7
"623","14/09/2001",18.1,16
"624","15/09/2001",NA,12.6
"625","16/09/2001",NA,15.9
"626","17/09/2001",17.1,11.2
"627","18/09/2001",17.9,18.8
"628","19/09/2001",15.1,13
"629","20/09/2001",26.3,21.1
"630","21/09/2001",29.7,21.7
"631","22/09/2001",29.8,23.6
"632","23/09/2001",19.4,17.9
"633","24/09/2001",24.7,20.2
"634","25/09/2001",35.5,27.8
"635","26/09/2001",19.7,28.8
"636","27/09/2001",17.8,19.8
"637","28/09/2001",21.3,30.1
"638","29/09/2001",18,24.5
"639","30/09/2001",14.8,14.3
"640","01/10/2001",NA,24.8
"641","02/10/2001",15.1,16.6
"642","03/10/2001",18.5,20.2
"643","04/10/2001",16.8,20
"644","05/10/2001",14.8,21.7
"645","06/10/2001",17.3,22.5
"646","07/10/2001",12.7,15.6
"647","08/10/2001",16.4,19
"648","09/10/2001",17.3,19.5
"649","10/10/2001",19.6,19.3
"650","11/10/2001",15.5,16.9
"651","12/10/2001",25.9,34
"652","13/10/2001",57.2,58.1
"653","14/10/2001",36,36.7
"654","15/10/2001",19.3,27.1
"655","16/10/2001",18.5,32.4
"656","17/10/2001",24.3,31.1
"657","18/10/2001",22.5,31.4
"658","19/10/2001",25.2,28.7
"659","20/10/2001",NA,26.8
"660","21/10/2001",NA,12.4
"661","22/10/2001",NA,21.2
"662","23/10/2001",NA,20.4
"663","24/10/2001",NA,23.4
"664","25/10/2001",NA,29
"665","26/10/2001",NA,21.7
"666","27/10/2001",NA,22.1
"667","28/10/2001",NA,24.5
"668","29/10/2001",NA,20.7
"669","30/10/2001",NA,31.7
"670","31/10/2001",16.3,15.9
"671","01/11/2001",33.5,26.8
"672","02/11/2001",42.2,36.3
"673","03/11/2001",58.2,65.9
"674","04/11/2001",45.9,48.4
"675","05/11/2001",29,32.3
"676","06/11/2001",18.7,20
"677","07/11/2001",8.9,7.8
"678","08/11/2001",9.8,7
"679","09/11/2001",20,13.3
"680","10/11/2001",24.6,24.1
"681","11/11/2001",23.6,20
"682","12/11/2001",20.6,16.5
"683","13/11/2001",17.2,14.9
"684","14/11/2001",32.3,19.5
"685","15/11/2001",42.6,28.1
"686","16/11/2001",36.8,30
"687","17/11/2001",20.8,16.6
"688","18/11/2001",14.3,14
"689","19/11/2001",41.7,30.7
"690","20/11/2001",30.7,28.5
"691","21/11/2001",17.1,17.6
"692","22/11/2001",17.7,15.2
"693","23/11/2001",25.4,22.6
"694","24/11/2001",21,22.1
"695","25/11/2001",10.8,9.9
"696","26/11/2001",28.4,21.6
"697","27/11/2001",16,18.2
"698","28/11/2001",19.1,20.6
"699","29/11/2001",11,11.3
"700","30/11/2001",10.2,12.7
"701","01/12/2001",9,10.8
"702","02/12/2001",31.5,23.2
"703","03/12/2001",22.8,25.7
"704","04/12/2001",15.3,19.2
"705","05/12/2001",12,14.2
"706","06/12/2001",22.7,32.4
"707","07/12/2001",21.5,34.5
"708","08/12/2001",48.9,29.9
"709","09/12/2001",26.4,21.5
"710","10/12/2001",36.8,26.2
"711","11/12/2001",21.2,20.8
"712","12/12/2001",25.7,23.6
"713","13/12/2001",19.7,16.3
"714","14/12/2001",32.8,26.8
"715","15/12/2001",24.3,24.2
"716","16/12/2001",20.7,16
"717","17/12/2001",22.2,16.9
"718","18/12/2001",25.7,21.3
"719","19/12/2001",22.5,19.2
"720","20/12/2001",24.4,18.8
"721","21/12/2001",12.3,11.5
"722","22/12/2001",14.8,11.9
"723","23/12/2001",15.9,15.7
"724","24/12/2001",9.7,10.5
"725","25/12/2001",NA,7.7
"726","26/12/2001",NA,10.3
"727","27/12/2001",NA,8.6
"728","28/12/2001",16,13.9
"729","29/12/2001",10.9,12.8
"730","30/12/2001",NA,12.4
"731","31/12/2001",NA,19
"732","01/01/2002",44.5,50.6
"733","02/01/2002",20.7,24.2
"734","03/01/2002",21.2,20.3
"735","04/01/2002",28.3,32.9
"736","05/01/2002",29.5,33.8
"737","06/01/2002",20,18.2
"738","07/01/2002",19.1,23.4
"739","08/01/2002",24.4,33
"740","09/01/2002",37.9,41.2
"741","10/01/2002",NA,30.2
"742","11/01/2002",NA,23.3
"743","12/01/2002",17.4,19.9
"744","13/01/2002",27.6,29
"745","14/01/2002",17.6,19.5
"746","15/01/2002",19.5,NA
"747","16/01/2002",21,NA
"748","17/01/2002",15,12.2
"749","18/01/2002",17.5,24.1
"750","19/01/2002",18.8,NA
"751","20/01/2002",17.6,15.3
"752","21/01/2002",19.7,20.6
"753","22/01/2002",17.1,18.5
"754","23/01/2002",17.8,22.2
"755","24/01/2002",17.9,14.4
"756","25/01/2002",15.4,19.6
"757","26/01/2002",12.8,13
"758","27/01/2002",15.4,15.1
"759","28/01/2002",22,22
"760","29/01/2002",25.8,26.8
"761","30/01/2002",19.3,21.3
"762","31/01/2002",17.1,18.7
"763","01/02/2002",23.9,24.3
"764","02/02/2002",21.6,24.3
"765","03/02/2002",19,20.9
"766","04/02/2002",12.4,13.2
"767","05/02/2002",14.7,16.8
"768","06/02/2002",17.6,15
"769","07/02/2002",17.3,16.5
"770","08/02/2002",15.4,17.6
"771","09/02/2002",12.3,13.7
"772","10/02/2002",18.9,18.8
"773","11/02/2002",12,11.4
"774","12/02/2002",20.2,21.8
"775","13/02/2002",23.2,19.2
"776","14/02/2002",21.4,25.7
"777","15/02/2002",30.3,27.1
"778","16/02/2002",21.7,19.3
"779","17/02/2002",24.4,21.9
"780","18/02/2002",20.2,15.5
"781","19/02/2002",14.5,15.8
"782","20/02/2002",15,17.7
"783","21/02/2002",18.4,22
"784","22/02/2002",12.4,13.6
"785","23/02/2002",15.7,13.5
"786","24/02/2002",17.7,17.3
"787","25/02/2002",11.9,13.4
"788","26/02/2002",11.4,12.5
"789","27/02/2002",7,16
"790","28/02/2002",15.1,19.2
"791","01/03/2002",29.9,51.9
"792","02/03/2002",20,16.4
"793","03/03/2002",22.2,24.6
"794","04/03/2002",23.5,20.1
"795","05/03/2002",23.4,21
"796","06/03/2002",23.3,25.8
"797","07/03/2002",30,24.3
"798","08/03/2002",21.1,22.5
"799","09/03/2002",20,13.3
"800","10/03/2002",19.1,19.5
"801","11/03/2002",16.9,20
"802","12/03/2002",31.8,25.4
"803","13/03/2002",16.5,12.5
"804","14/03/2002",19.8,15.7
"805","15/03/2002",28.1,28.8
"806","16/03/2002",15.5,22.1
"807","17/03/2002",13.3,16.6
"808","18/03/2002",10.3,13.3
"809","19/03/2002",17.5,17.9
"810","20/03/2002",15.5,16.2
"811","21/03/2002",16.5,17.5
"812","22/03/2002",27.7,20.2
"813","23/03/2002",12.6,14.6
"814","24/03/2002",19.5,25.6
"815","25/03/2002",31.4,36.9
"816","26/03/2002",23,19.9
"817","27/03/2002",24.2,22.8
"818","28/03/2002",35.7,29
"819","29/03/2002",37.1,38.1
"820","30/03/2002",43.2,39.4
"821","31/03/2002",23.2,22.2
"822","01/04/2002",25,26.4
"823","02/04/2002",32.8,41.8
"824","03/04/2002",34.3,43.2
"825","04/04/2002",52.8,49.5
"826","05/04/2002",59.3,48.1
"827","06/04/2002",42.9,31.8
"828","07/04/2002",22.5,18.9
"829","08/04/2002",31.1,24.4
"830","09/04/2002",25.1,21.8
"831","10/04/2002",42.6,40.4
"832","11/04/2002",44.7,39.9
"833","12/04/2002",38,34.4
"834","13/04/2002",16.4,13.9
"835","14/04/2002",22.4,16.8
"836","15/04/2002",28,22.6
"837","16/04/2002",27.9,25.9
"838","17/04/2002",20.5,22.2
"839","18/04/2002",11.4,13.2
"840","19/04/2002",22.6,20.8
"841","20/04/2002",30.7,27
"842","21/04/2002",20.4,24
"843","22/04/2002",21.5,20.9
"844","23/04/2002",22.9,22.7
"845","24/04/2002",17.8,18.2
"846","25/04/2002",22.3,20.1
"847","26/04/2002",11,12.1
"848","27/04/2002",NA,12.3
"849","28/04/2002",7.9,9.8
"850","29/04/2002",18.8,16.3
"851","30/04/2002",13,14.1
"852","01/05/2002",9.1,12.6
"853","02/05/2002",20.2,14.9
"854","03/05/2002",20.4,16.6
"855","04/05/2002",15.4,14.6
"856","05/05/2002",15.2,14.7
"857","06/05/2002",17.2,13.5
"858","07/05/2002",19.4,18.8
"859","08/05/2002",24.1,20.5
"860","09/05/2002",33.6,28.8
"861","10/05/2002",54.7,46.6
"862","11/05/2002",23.3,25.9
"863","12/05/2002",21.1,21.5
"864","13/05/2002",11.4,15.4
"865","14/05/2002",18.3,18.6
"866","15/05/2002",18.2,19.6
"867","16/05/2002",24.4,30.5
"868","17/05/2002",43.5,30.6
"869","18/05/2002",14.5,16.8
"870","19/05/2002",17.6,18.6
"871","20/05/2002",15.9,20.6
"872","21/05/2002",14.7,18.4
"873","22/05/2002",17,20.1
"874","23/05/2002",19.4,20.3
"875","24/05/2002",18.5,20.5
"876","25/05/2002",15,17.1
"877","26/05/2002",9,11.4
"878","27/05/2002",11.8,16.7
"879","28/05/2002",15.4,19.9
"880","29/05/2002",16.7,17
"881","30/05/2002",NA,22.3
"882","31/05/2002",NA,22.9
"883","01/06/2002",NA,25.6
"884","02/06/2002",NA,26.5
"885","03/06/2002",NA,18.6
"886","04/06/2002",14.1,15.5
"887","05/06/2002",18.2,16.1
"888","06/06/2002",33.3,22.5
"889","07/06/2002",11.3,17.3
"890","08/06/2002",16.6,16.9
"891","09/06/2002",14.1,14.1
"892","10/06/2002",18.1,17.1
"893","11/06/2002",15.2,16.4
"894","12/06/2002",11.5,11.5
"895","13/06/2002",12.9,12.2
"896","14/06/2002",17.4,19.1
"897","15/06/2002",16.3,16.1
"898","16/06/2002",19.5,16.8
"899","17/06/2002",20.4,23.2
"900","18/06/2002",17.7,18
"901","19/06/2002",16,17.3
"902","20/06/2002",19.2,NA
"903","21/06/2002",15.1,17.5
"904","22/06/2002",11.5,12.4
"905","23/06/2002",11.6,10.5
"906","24/06/2002",15.5,15.8
"907","25/06/2002",19.5,18.4
"908","26/06/2002",19.7,22.8
"909","27/06/2002",16.6,15
"910","28/06/2002",NA,19.6
"911","29/06/2002",17.6,18.6
"912","30/06/2002",13,14.2
"913","01/07/2002",10.4,10.3
"914","02/07/2002",14,13.8
"915","03/07/2002",15.3,12.7
"916","04/07/2002",15.2,16
"917","05/07/2002",13.4,15.9
"918","06/07/2002",18.3,18.3
"919","07/07/2002",12.9,12.2
"920","08/07/2002",10.1,9.7
"921","09/07/2002",8.8,11.6
"922","10/07/2002",12,14
"923","11/07/2002",15.8,12.8
"924","12/07/2002",20.3,17
"925","13/07/2002",21.9,17.6
"926","14/07/2002",25.5,19.5
"927","15/07/2002",31.8,24.9
"928","16/07/2002",30.4,24.5
"929","17/07/2002",21.7,18.8
"930","18/07/2002",23.4,17.7
"931","19/07/2002",13.1,19.5
"932","20/07/2002",17.8,16.9
"933","21/07/2002",17.1,13.8
"934","22/07/2002",19,17.7
"935","23/07/2002",13.6,13.8
"936","24/07/2002",15.3,11.4
"937","25/07/2002",14,14.4
"938","26/07/2002",16.4,19.3
"939","27/07/2002",16.5,20.1
"940","28/07/2002",21.7,23.2
"941","29/07/2002",40.2,37.2
"942","30/07/2002",43.4,38.2
"943","31/07/2002",22.3,21
"944","01/08/2002",18.3,19.1
"945","02/08/2002",17.9,17.5
"946","03/08/2002",16.1,15.3
"947","04/08/2002",19.1,14.3
"948","05/08/2002",24.8,19.8
"949","06/08/2002",29.6,20.6
"950","07/08/2002",30.8,26
"951","08/08/2002",16.2,19.5
"952","09/08/2002",12.2,14.4
"953","10/08/2002",21.9,20.8
"954","11/08/2002",16.1,17.8
"955","12/08/2002",19,17.4
"956","13/08/2002",28.4,25.4
"957","14/08/2002",26.7,28.8
"958","15/08/2002",36.8,34.8
"959","16/08/2002",29.3,30.1
"960","17/08/2002",27.6,34.8
"961","18/08/2002",17.5,19.5
"962","19/08/2002",14.8,16.4
"963","20/08/2002",25.9,24.7
"964","21/08/2002",21.9,20.2
"965","22/08/2002",27.3,21.9
"966","23/08/2002",25.5,20.4
"967","24/08/2002",16.5,17.2
"968","25/08/2002",17.6,17.5
"969","26/08/2002",18.3,15.2
"970","27/08/2002",24.7,20.9
"971","28/08/2002",36.8,27.8
"972","29/08/2002",20.5,25.2
"973","30/08/2002",9.3,13.1
"974","31/08/2002",10.1,14
"975","01/09/2002",18.7,NA
"976","02/09/2002",26.8,NA
"977","03/09/2002",30.6,NA
"978","04/09/2002",32.6,NA
"979","05/09/2002",31.2,NA
"980","06/09/2002",19.4,NA
"981","07/09/2002",10.3,NA
"982","08/09/2002",16.1,NA
"983","09/09/2002",19.9,NA
"984","10/09/2002",14.9,NA
"985","11/09/2002",36.2,NA
"986","12/09/2002",NA,NA
"987","13/09/2002",NA,NA
"988","14/09/2002",21.3,NA
"989","15/09/2002",15.4,NA
"990","16/09/2002",22.2,NA
"991","17/09/2002",23.2,NA
"992","18/09/2002",21.5,NA
"993","19/09/2002",24.5,NA
"994","20/09/2002",28.9,NA
"995","21/09/2002",34,NA
"996","22/09/2002",15.8,NA
"997","23/09/2002",20.6,NA
"998","24/09/2002",18.5,NA
"999","25/09/2002",26.3,NA
"1000","26/09/2002",25.5,NA
"1001","27/09/2002",35.8,NA
"1002","28/09/2002",27.4,NA
"1003","29/09/2002",17.5,NA
"1004","30/09/2002",26.7,NA
"1005","01/10/2002",42.5,NA
"1006","02/10/2002",25.9,NA
"1007","03/10/2002",20.4,NA
"1008","04/10/2002",23.4,NA
"1009","05/10/2002",16.6,NA
"1010","06/10/2002",15.1,NA
"1011","07/10/2002",22.2,NA
"1012","08/10/2002",19.8,NA
"1013","09/10/2002",30.2,NA
"1014","10/10/2002",32.1,NA
"1015","11/10/2002",35,NA
"1016","12/10/2002",22.5,NA
"1017","13/10/2002",15.6,NA
"1018","14/10/2002",23.1,NA
"1019","15/10/2002",14,NA
"1020","16/10/2002",17.4,NA
"1021","17/10/2002",18.9,NA
"1022","18/10/2002",25.3,NA
"1023","19/10/2002",19.2,NA
"1024","20/10/2002",26.2,NA
"1025","21/10/2002",22.4,NA
"1026","22/10/2002",12.3,NA
"1027","23/10/2002",9,NA
"1028","24/10/2002",17.2,NA
"1029","25/10/2002",11.9,NA
"1030","26/10/2002",19.9,NA
"1031","27/10/2002",18.4,NA
"1032","28/10/2002",20.9,NA
"1033","29/10/2002",20.8,NA
"1034","30/10/2002",26,NA
"1035","31/10/2002",30.6,NA
"1036","01/11/2002",17.8,NA
"1037","02/11/2002",15.9,NA
"1038","03/11/2002",18.8,NA
"1039","04/11/2002",32.4,NA
"1040","05/11/2002",25,NA
"1041","06/11/2002",16.3,NA
"1042","07/11/2002",15.4,NA
"1043","08/11/2002",10.5,NA
"1044","09/11/2002",24.8,NA
"1045","10/11/2002",11.9,NA
"1046","11/11/2002",19.3,NA
"1047","12/11/2002",14.8,NA
"1048","13/11/2002",11.2,NA
"1049","14/11/2002",13.9,NA
"1050","15/11/2002",22.2,NA
"1051","16/11/2002",30.8,NA
"1052","17/11/2002",28.9,NA
"1053","18/11/2002",35.8,NA
"1054","19/11/2002",15.9,NA
"1055","20/11/2002",15.4,NA
"1056","21/11/2002",12.6,NA
"1057","22/11/2002",12.6,NA
"1058","23/11/2002",14.5,NA
"1059","24/11/2002",16.1,NA
"1060","25/11/2002",23.3,NA
"1061","26/11/2002",16.5,NA
"1062","27/11/2002",15.4,NA
"1063","28/11/2002",17.5,NA
"1064","29/11/2002",23.6,NA
"1065","30/11/2002",17.3,NA
"1066","01/12/2002",9.4,NA
"1067","02/12/2002",14.9,NA
"1068","03/12/2002",23.4,NA
"1069","04/12/2002",18.6,NA
"1070","05/12/2002",28.5,NA
"1071","06/12/2002",27.9,NA
"1072","07/12/2002",19,NA
"1073","08/12/2002",28.5,NA
"1074","09/12/2002",30.1,NA
"1075","10/12/2002",34,NA
"1076","11/12/2002",39,NA
"1077","12/12/2002",50.1,NA
"1078","13/12/2002",45.1,NA
"1079","14/12/2002",24.6,NA
"1080","15/12/2002",18.3,NA
"1081","16/12/2002",26,NA
"1082","17/12/2002",35.4,NA
"1083","18/12/2002",21.6,NA
"1084","19/12/2002",23.3,NA
"1085","20/12/2002",36.1,NA
"1086","21/12/2002",29.4,NA
"1087","22/12/2002",7.3,NA
"1088","23/12/2002",10.4,NA
"1089","24/12/2002",22.9,NA
"1090","25/12/2002",15.6,NA
"1091","26/12/2002",12.6,NA
"1092","27/12/2002",19.9,NA
"1093","28/12/2002",13.2,NA
"1094","29/12/2002",9.8,NA
"1095","30/12/2002",12.1,NA
"1096","31/12/2002",16.6,NA
"1097","01/01/2003",47.5,NA
"1098","02/01/2003",42.1,NA
"1099","03/01/2003",12.8,NA
"1100","04/01/2003",NA,NA
"1101","05/01/2003",NA,NA
"1102","06/01/2003",NA,NA
"1103","07/01/2003",NA,NA
"1104","08/01/2003",NA,NA
"1105","09/01/2003",NA,NA
"1106","10/01/2003",NA,NA
"1107","11/01/2003",NA,NA
"1108","12/01/2003",NA,NA
"1109","13/01/2003",NA,NA
"1110","14/01/2003",NA,NA
"1111","15/01/2003",NA,NA
"1112","16/01/2003",NA,NA
"1113","17/01/2003",NA,NA
"1114","18/01/2003",NA,NA
"1115","19/01/2003",NA,NA
"1116","20/01/2003",NA,NA
"1117","21/01/2003",NA,NA
"1118","22/01/2003",NA,NA
"1119","23/01/2003",NA,NA
"1120","24/01/2003",NA,NA
"1121","25/01/2003",NA,NA
"1122","26/01/2003",NA,NA
"1123","27/01/2003",NA,NA
"1124","28/01/2003",NA,NA
"1125","29/01/2003",NA,NA
"1126","30/01/2003",NA,NA
"1127","31/01/2003",NA,NA
"1128","01/02/2003",NA,NA
"1129","02/02/2003",NA,NA
"1130","03/02/2003",NA,NA
"1131","04/02/2003",NA,NA
"1132","05/02/2003",NA,NA
"1133","06/02/2003",NA,NA
"1134","07/02/2003",NA,NA
"1135","08/02/2003",NA,NA
"1136","09/02/2003",NA,NA
"1137","10/02/2003",NA,NA
"1138","11/02/2003",NA,NA
"1139","12/02/2003",NA,NA
"1140","13/02/2003",NA,NA
"1141","14/02/2003",NA,NA
"1142","15/02/2003",NA,NA
"1143","16/02/2003",NA,NA
"1144","17/02/2003",NA,NA
"1145","18/02/2003",NA,NA
"1146","19/02/2003",NA,NA
"1147","20/02/2003",NA,NA
"1148","21/02/2003",NA,NA
"1149","22/02/2003",NA,NA
"1150","23/02/2003",NA,NA
"1151","24/02/2003",NA,NA
"1152","25/02/2003",NA,NA
"1153","26/02/2003",NA,NA
"1154","27/02/2003",NA,NA
"1155","28/02/2003",NA,NA
"1156","01/03/2003",NA,NA
"1157","02/03/2003",NA,NA
"1158","03/03/2003",NA,NA
"1159","04/03/2003",NA,NA
"1160","05/03/2003",NA,NA
"1161","06/03/2003",NA,NA
"1162","07/03/2003",NA,NA
"1163","08/03/2003",NA,NA
"1164","09/03/2003",NA,NA
"1165","10/03/2003",NA,NA
"1166","11/03/2003",NA,NA
"1167","12/03/2003",NA,NA
"1168","13/03/2003",NA,NA
"1169","14/03/2003",NA,NA
"1170","15/03/2003",NA,NA
"1171","16/03/2003",NA,NA
"1172","17/03/2003",NA,NA
"1173","18/03/2003",NA,NA
"1174","19/03/2003",NA,NA
"1175","20/03/2003",NA,NA
"1176","21/03/2003",NA,NA
"1177","22/03/2003",NA,NA
"1178","23/03/2003",NA,NA
"1179","24/03/2003",NA,NA
"1180","25/03/2003",NA,NA
"1181","26/03/2003",NA,NA
"1182","27/03/2003",NA,NA
"1183","28/03/2003",NA,NA
"1184","29/03/2003",NA,NA
"1185","30/03/2003",NA,NA
"1186","31/03/2003",NA,NA
"1187","01/04/2003",NA,NA
"1188","02/04/2003",NA,NA
"1189","03/04/2003",NA,NA
"1190","04/04/2003",NA,NA
"1191","05/04/2003",NA,NA
"1192","06/04/2003",NA,NA
"1193","07/04/2003",NA,NA
"1194","08/04/2003",NA,NA
"1195","09/04/2003",NA,NA
"1196","10/04/2003",NA,NA
"1197","11/04/2003",NA,NA
"1198","12/04/2003",NA,NA
"1199","13/04/2003",NA,NA
"1200","14/04/2003",NA,NA
"1201","15/04/2003",NA,NA
"1202","16/04/2003",NA,NA
"1203","17/04/2003",NA,NA
"1204","18/04/2003",NA,NA
"1205","19/04/2003",NA,NA
"1206","20/04/2003",NA,NA
"1207","21/04/2003",NA,NA
"1208","22/04/2003",NA,NA
"1209","23/04/2003",NA,NA
"1210","24/04/2003",NA,NA
"1211","25/04/2003",NA,26
"1212","26/04/2003",NA,13.7
"1213","27/04/2003",NA,19.4
"1214","28/04/2003",NA,11.2
"1215","29/04/2003",NA,15.5
"1216","30/04/2003",NA,15.4
"1217","01/05/2003",NA,14.6
"1218","02/05/2003",NA,12.4
"1219","03/05/2003",NA,14.1
"1220","04/05/2003",NA,16.1
"1221","05/05/2003",NA,12.6
"1222","06/05/2003",NA,13.3
"1223","07/05/2003",NA,19
"1224","08/05/2003",NA,20.7
"1225","09/05/2003",NA,25.3
"1226","10/05/2003",NA,13.5
"1227","11/05/2003",NA,11.5
"1228","12/05/2003",NA,12.1
"1229","13/05/2003",NA,10.6
"1230","14/05/2003",NA,13.7
"1231","15/05/2003",NA,19.8
"1232","16/05/2003",NA,20.3
"1233","17/05/2003",NA,17.9
"1234","18/05/2003",NA,22.6
"1235","19/05/2003",NA,15.5
"1236","20/05/2003",NA,17.7
"1237","21/05/2003",NA,18.2
"1238","22/05/2003",NA,15.6
"1239","23/05/2003",NA,16.1
"1240","24/05/2003",NA,13.1
"1241","25/05/2003",NA,9.6
"1242","26/05/2003",NA,13.4
"1243","27/05/2003",NA,20.9
"1244","28/05/2003",NA,29.4
"1245","29/05/2003",NA,NA
"1246","30/05/2003",NA,NA
"1247","31/05/2003",NA,NA
"1248","01/06/2003",NA,21.9
"1249","02/06/2003",NA,16.6
"1250","03/06/2003",NA,22.7
"1251","04/06/2003",NA,19.1
"1252","05/06/2003",NA,12.3
"1253","06/06/2003",NA,13.9
"1254","07/06/2003",NA,15.3
"1255","08/06/2003",NA,15.5
"1256","09/06/2003",NA,17.2
"1257","10/06/2003",NA,26.9
"1258","11/06/2003",NA,19.1
"1259","12/06/2003",NA,18.9
"1260","13/06/2003",15.5,17.8
"1261","14/06/2003",20.1,21.3
"1262","15/06/2003",20.9,22
"1263","16/06/2003",23.6,35
"1264","17/06/2003",30,37.2
"1265","18/06/2003",16.2,17.5
"1266","19/06/2003",10.4,12.6
"1267","20/06/2003",11.2,16.3
"1268","21/06/2003",19.4,26.4
"1269","22/06/2003",24,28.9
"1270","23/06/2003",8.3,12.7
"1271","24/06/2003",15.6,15.6
"1272","25/06/2003",20.5,17.7
"1273","26/06/2003",34,28.4
"1274","27/06/2003",25.5,25.4
"1275","28/06/2003",12.5,14.6
"1276","29/06/2003",26.5,21.6
"1277","30/06/2003",18.8,20.7
"1278","01/07/2003",16.7,14.4
"1279","02/07/2003",23.9,17.7
"1280","03/07/2003",20.5,16.9
"1281","04/07/2003",18,12.7
"1282","05/07/2003",22.3,24.9
"1283","06/07/2003",21.3,19.8
"1284","07/07/2003",22.3,22.8
"1285","08/07/2003",20.3,19.1
"1286","09/07/2003",28.6,25.8
"1287","10/07/2003",25,23.5
"1288","11/07/2003",17.2,18.3
"1289","12/07/2003",27.8,24.4
"1290","13/07/2003",28.1,24.3
"1291","14/07/2003",34.7,25.1
"1292","15/07/2003",41.3,31.5
"1293","16/07/2003",39,31.3
"1294","17/07/2003",10.5,13
"1295","18/07/2003",16,15.9
"1296","19/07/2003",16,20.9
"1297","20/07/2003",16.4,14.9
"1298","21/07/2003",16.9,15.9
"1299","22/07/2003",18,15.2
"1300","23/07/2003",12.8,13.2
"1301","24/07/2003",13.5,13.3
"1302","25/07/2003",10.2,12
"1303","26/07/2003",12.8,11.4
"1304","27/07/2003",12.7,13.6
"1305","28/07/2003",21.5,18.5
"1306","29/07/2003",15.4,14.3
"1307","30/07/2003",15.5,14.4
"1308","31/07/2003",17.2,19.7
"1309","01/08/2003",21.5,21.8
"1310","02/08/2003",16.8,15.8
"1311","03/08/2003",30.8,23.9
"1312","04/08/2003",45.3,36.5
"1313","05/08/2003",33.2,29.8
"1314","06/08/2003",53.3,46.7
"1315","07/08/2003",48,42.6
"1316","08/08/2003",65.3,53.9
"1317","09/08/2003",60.7,48.3
"1318","10/08/2003",69.9,54.8
"1319","11/08/2003",57.5,49.4
"1320","12/08/2003",NA,42.4
"1321","13/08/2003",NA,30.5
"1322","14/08/2003",21.3,16.5
"1323","15/08/2003",22.8,17.1
"1324","16/08/2003",20.3,15.6
"1325","17/08/2003",26.3,21.6
"1326","18/08/2003",28.5,23.1
"1327","19/08/2003",16,11
"1328","20/08/2003",24.5,16.9
"1329","21/08/2003",20.3,16.4
"1330","22/08/2003",19.9,15.1
"1331","23/08/2003",21.2,15.6
"1332","24/08/2003",23.2,15.9
"1333","25/08/2003",13.6,13.2
"1334","26/08/2003",25.6,19.5
"1335","27/08/2003",24.9,19.3
"1336","28/08/2003",25.1,16.3
"1337","29/08/2003",17.5,15.4
"1338","30/08/2003",17.5,15.1
"1339","31/08/2003",19.5,14.5
"1340","01/09/2003",22.7,18.9
"1341","02/09/2003",30.1,23.1
"1342","03/09/2003",37.3,33
"1343","04/09/2003",35.9,33.4
"1344","05/09/2003",34.1,30.6
"1345","06/09/2003",19.5,21
"1346","07/09/2003",14.3,11.2
"1347","08/09/2003",25.1,19.7
"1348","09/09/2003",17.9,14.6
"1349","10/09/2003",14.3,11.2
"1350","11/09/2003",22.3,21.9
"1351","12/09/2003",22.7,20.3
"1352","13/09/2003",27.4,29.2
"1353","14/09/2003",26.8,26.6
"1354","15/09/2003",33.1,31.8
"1355","16/09/2003",33.8,30.6
"1356","17/09/2003",36.2,37.6
"1357","18/09/2003",37.6,38.4
"1358","19/09/2003",36.8,36.2
"1359","20/09/2003",41.7,44
"1360","21/09/2003",31.9,26.5
"1361","22/09/2003",17.4,18.2
"1362","23/09/2003",15.6,13.2
"1363","24/09/2003",25,18.6
"1364","25/09/2003",30.2,25.4
"1365","26/09/2003",33.1,23.8
"1366","27/09/2003",18.6,15.6
"1367","28/09/2003",20.4,15.3
"1368","29/09/2003",20.1,15.4
"1369","30/09/2003",23.5,26.5
"1370","01/10/2003",32.3,22.7
"1371","02/10/2003",38.7,24.9
"1372","03/10/2003",25.5,22.4
"1373","04/10/2003",10.7,11.7
"1374","05/10/2003",7.2,8.3
"1375","06/10/2003",14.4,12.8
"1376","07/10/2003",19.7,15.3
"1377","08/10/2003",19.5,16.2
"1378","09/10/2003",16.8,14.4
"1379","10/10/2003",15.8,13.2
"1380","11/10/2003",28.6,23.5
"1381","12/10/2003",23.8,21.8
"1382","13/10/2003",28.8,25.9
"1383","14/10/2003",30.3,23.9
"1384","15/10/2003",27.6,22.2
"1385","16/10/2003",28.6,19.2
"1386","17/10/2003",27.7,20.1
"1387","18/10/2003",28.8,22.3
"1388","19/10/2003",17.8,14.2
"1389","20/10/2003",23.1,15.2
"1390","21/10/2003",25.1,17.7
"1391","22/10/2003",22.3,15.8
"1392","23/10/2003",21,15.1
"1393","24/10/2003",23.2,13.8
"1394","25/10/2003",14.5,14.1
"1395","26/10/2003",17.8,12.4
"1396","27/10/2003",38.1,36.7
"1397","28/10/2003",34.1,30.7
"1398","29/10/2003",14.7,18.8
"1399","30/10/2003",8.1,13.2
"1400","31/10/2003",16.2,14.6
"1401","01/11/2003",17.5,16.6
"1402","02/11/2003",16.2,15.7
"1403","03/11/2003",15.9,22
"1404","04/11/2003",17.6,28.8
"1405","05/11/2003",22.3,41.9
"1406","06/11/2003",41.3,45.1
"1407","07/11/2003",35.5,29.6
"1408","08/11/2003",24,33.1
"1409","09/11/2003",29.8,33.9
"1410","10/11/2003",30.2,31.2
"1411","11/11/2003",21.3,32.9
"1412","12/11/2003",18.6,15.4
"1413","13/11/2003",19.5,21.5
"1414","14/11/2003",19.5,21.8
"1415","15/11/2003",24.9,19.4
"1416","16/11/2003",18.8,14.3
"1417","17/11/2003",15.4,13.2
"1418","18/11/2003",9.8,12.2
"1419","19/11/2003",15.3,16.6
"1420","20/11/2003",17,20.2
"1421","21/11/2003",21.3,18.2
"1422","22/11/2003",8,11.5
"1423","23/11/2003",9.6,10.7
"1424","24/11/2003",24.3,19.2
"1425","25/11/2003",12.6,18.4
"1426","26/11/2003",9.9,14.2
"1427","27/11/2003",43.6,32.9
"1428","28/11/2003",26.5,32
"1429","29/11/2003",12.9,14.1
"1430","30/11/2003",13.3,18.1
"1431","01/12/2003",17.9,15.1
"1432","02/12/2003",25.8,27.6
"1433","03/12/2003",31.3,27.2
"1434","04/12/2003",25.5,20.9
"1435","05/12/2003",33.9,24.7
"1436","06/12/2003",29.7,26.2
"1437","07/12/2003",15.7,16.7
"1438","08/12/2003",24.5,27.5
"1439","09/12/2003",42.1,41.6
"1440","10/12/2003",26.1,27
"1441","11/12/2003",18,16.7
"1442","12/12/2003",14.8,21.1
"1443","13/12/2003",3.9,NA
"1444","14/12/2003",13.6,NA
"1445","15/12/2003",23.2,NA
"1446","16/12/2003",35.3,28.3
"1447","17/12/2003",31.4,41.3
"1448","18/12/2003",34.9,43.5
"1449","19/12/2003",42.4,42.1
"1450","20/12/2003",11.5,13.9
"1451","21/12/2003",9.7,8.5
"1452","22/12/2003",16,11.8
"1453","23/12/2003",12.4,11.2
"1454","24/12/2003",6.8,11.3
"1455","25/12/2003",3.1,5.9
"1456","26/12/2003",6.7,7.9
"1457","27/12/2003",8.3,8.7
"1458","28/12/2003",11.4,11.4
"1459","29/12/2003",16.2,13.5
"1460","30/12/2003",19.2,29.5
"1461","31/12/2003",18,29.4
"1462","01/01/2004",11.6,8.6
"1463","02/01/2004",22.1,17.8
"1464","03/01/2004",23.1,23.4
"1465","04/01/2004",23.6,18.6
"1466","05/01/2004",16.8,29
"1467","06/01/2004",15.9,14.5
"1468","07/01/2004",15.4,17.3
"1469","08/01/2004",11.8,13.2
"1470","09/01/2004",15.2,15.2
"1471","10/01/2004",25.1,22.2
"1472","11/01/2004",6.5,7.7
"1473","12/01/2004",16.1,15.4
"1474","13/01/2004",14.7,15.4
"1475","14/01/2004",11.8,11.9
"1476","15/01/2004",16,13.7
"1477","16/01/2004",13.3,11.3
"1478","17/01/2004",18.9,13.3
"1479","18/01/2004",20.1,16.7
"1480","19/01/2004",13,8.9
"1481","20/01/2004",17.5,9
"1482","21/01/2004",16.9,13.4
"1483","22/01/2004",14.6,17.7
"1484","23/01/2004",10.4,16.6
"1485","24/01/2004",15.9,16.4
"1486","25/01/2004",21.7,21.6
"1487","26/01/2004",28.2,22.3
"1488","27/01/2004",21.9,13.9
"1489","28/01/2004",16,NA
"1490","29/01/2004",26.5,14.8
"1491","30/01/2004",23.3,19.3
"1492","31/01/2004",18.4,17.2
"1493","01/02/2004",23.3,20.8
"1494","02/02/2004",21.5,20.2
"1495","03/02/2004",20.6,19.6
"1496","04/02/2004",34.8,33.1
"1497","05/02/2004",16.9,17.9
"1498","06/02/2004",12,12.9
"1499","07/02/2004",9.1,12.6
"1500","08/02/2004",15.4,13.6
"1501","09/02/2004",31.8,20.3
"1502","10/02/2004",27.1,26.9
"1503","11/02/2004",27.8,21
"1504","12/02/2004",21,25.4
"1505","13/02/2004",28,24.7
"1506","14/02/2004",24.9,20.7
"1507","15/02/2004",18.5,13.4
"1508","16/02/2004",33.7,22.8
"1509","17/02/2004",34.3,25.6
"1510","18/02/2004",18.3,15.3
"1511","19/02/2004",19.2,15.2
"1512","20/02/2004",26.8,22.6
"1513","21/02/2004",32.7,26.9
"1514","22/02/2004",17.8,17.2
"1515","23/02/2004",22.3,16.8
"1516","24/02/2004",18.8,14.8
"1517","25/02/2004",24,11.1
"1518","26/02/2004",35.2,16.2
"1519","27/02/2004",29,15.7
"1520","28/02/2004",27.7,16.2
"1521","29/02/2004",32.2,20.1
"1522","01/03/2004",57,30.1
"1523","02/03/2004",47.3,31.5
"1524","03/03/2004",28,32.3
"1525","04/03/2004",37.9,29.4
"1526","05/03/2004",36.1,31.1
"1527","06/03/2004",28.6,20.9
"1528","07/03/2004",15.5,12.5
"1529","08/03/2004",23.8,16.1
"1530","09/03/2004",22.5,15.1
"1531","10/03/2004",35.7,23.1
"1532","11/03/2004",24.5,30.1
"1533","12/03/2004",25.2,28.3
"1534","13/03/2004",12,13.5
"1535","14/03/2004",17.9,14.6
"1536","15/03/2004",21.6,23
"1537","16/03/2004",12.6,16.5
"1538","17/03/2004",20,21
"1539","18/03/2004",13.3,21.8
"1540","19/03/2004",12.8,15.3
"1541","20/03/2004",11.4,13
"1542","21/03/2004",15.3,14.5
"1543","22/03/2004",15.7,12
"1544","23/03/2004",18.8,12.7
"1545","24/03/2004",17.1,13.9
"1546","25/03/2004",21.5,18
"1547","26/03/2004",21.8,15.1
"1548","27/03/2004",23.5,23.3
"1549","28/03/2004",22.2,21.9
"1550","29/03/2004",35.5,25.5
"1551","30/03/2004",35.1,25.1
"1552","31/03/2004",37,34.2
"1553","01/04/2004",16.9,23.8
"1554","02/04/2004",NA,16.1
"1555","03/04/2004",18.2,18.2
"1556","04/04/2004",10.7,9.4
"1557","05/04/2004",16.6,13.4
"1558","06/04/2004",16.4,10.5
"1559","07/04/2004",17.8,12.3
"1560","08/04/2004",18.7,13.4
"1561","09/04/2004",21.2,17.8
"1562","10/04/2004",16.5,19.2
"1563","11/04/2004",26.3,19.6
"1564","12/04/2004",31.7,23.9
"1565","13/04/2004",24.2,19.3
"1566","14/04/2004",19.8,23.6
"1567","15/04/2004",19.6,25.3
"1568","16/04/2004",18.2,30.4
"1569","17/04/2004",15.3,19.2
"1570","18/04/2004",6.3,6.4
"1571","19/04/2004",11,15.5
"1572","20/04/2004",16.4,19.2
"1573","21/04/2004",18.3,18.7
"1574","22/04/2004",17.5,23.3
"1575","23/04/2004",27.6,48
"1576","24/04/2004",29.2,27
"1577","25/04/2004",32.5,31.2
"1578","26/04/2004",39.2,34.1
"1579","27/04/2004",34,32.3
"1580","28/04/2004",NA,21.4
"1581","29/04/2004",NA,12.4
"1582","30/04/2004",31.4,29.4
"1583","01/05/2004",46.5,42.9
"1584","02/05/2004",12.9,20.9
"1585","03/05/2004",15.1,15.2
"1586","04/05/2004",7.4,8.6
"1587","05/05/2004",13.2,12.8
"1588","06/05/2004",15.8,14
"1589","07/05/2004",17.5,14.4
"1590","08/05/2004",16.5,16.1
"1591","09/05/2004",23.1,21.6
"1592","10/05/2004",37.1,31.5
"1593","11/05/2004",31.3,25.1
"1594","12/05/2004",27.2,19.8
"1595","13/05/2004",24.9,19
"1596","14/05/2004",28.2,23.3
"1597","15/05/2004",22.9,18.7
"1598","16/05/2004",23.8,19.8
"1599","17/05/2004",31.3,26.4
"1600","18/05/2004",29,24.9
"1601","19/05/2004",25.4,23.7
"1602","20/05/2004",23.3,20.7
"1603","21/05/2004",14.9,11.2
"1604","22/05/2004",15.2,14.2
"1605","23/05/2004",21.5,16.9
"1606","24/05/2004",27,19.8
"1607","25/05/2004",26.1,NA
"1608","26/05/2004",21.2,NA
"1609","27/05/2004",18.3,15.2
"1610","28/05/2004",17.1,21.6
"1611","29/05/2004",23.7,23.7
"1612","30/05/2004",13.1,13.3
"1613","31/05/2004",14.3,13.8
"1614","01/06/2004",16.6,12.5
"1615","02/06/2004",18.3,16.2
"1616","03/06/2004",22,19.8
"1617","04/06/2004",12.9,9.4
"1618","05/06/2004",13.8,13.6
"1619","06/06/2004",17.6,19.5
"1620","07/06/2004",21.4,22.6
"1621","08/06/2004",30.7,33
"1622","09/06/2004",21.7,23.6
"1623","10/06/2004",15.5,19
"1624","11/06/2004",15.9,17.3
"1625","12/06/2004",15.9,15.8
"1626","13/06/2004",15.8,12.8
"1627","14/06/2004",20,15.8
"1628","15/06/2004",19.7,18.1
"1629","16/06/2004",13.4,13.8
"1630","17/06/2004",17.3,16.3
"1631","18/06/2004",13.5,13.7
"1632","19/06/2004",10.9,10.9
"1633","20/06/2004",11.7,11.6
"1634","21/06/2004",13.4,13
"1635","22/06/2004",14.8,16.1
"1636","23/06/2004",15,13.1
"1637","24/06/2004",18.2,13.7
"1638","25/06/2004",14.6,14.1
"1639","26/06/2004",17.9,19.4
"1640","27/06/2004",16.3,15.1
"1641","28/06/2004",18.3,15.6
"1642","29/06/2004",19,17.2
"1643","30/06/2004",15.3,14.4
"1644","01/07/2004",17.7,14.5
"1645","02/07/2004",12.5,11.6
"1646","03/07/2004",12.5,12.2
"1647","04/07/2004",12.7,12.6
"1648","05/07/2004",18.8,12.4
"1649","06/07/2004",21.2,16.3
"1650","07/07/2004",30.4,23.1
"1651","08/07/2004",17.4,18
"1652","09/07/2004",14.3,13.1
"1653","10/07/2004",11.8,10.2
"1654","11/07/2004",11.4,9.5
"1655","12/07/2004",19,13.4
"1656","13/07/2004",19,14
"1657","14/07/2004",17.3,14.2
"1658","15/07/2004",14.6,12.5
"1659","16/07/2004",13,15.8
"1660","17/07/2004",11.5,14.2
"1661","18/07/2004",12,13.7
"1662","19/07/2004",14.9,14.9
"1663","20/07/2004",27.2,27.7
"1664","21/07/2004",17.2,16.6
"1665","22/07/2004",22.9,25.6
"1666","23/07/2004",20.2,15.5
"1667","24/07/2004",17.2,14
"1668","25/07/2004",14.6,11.5
"1669","26/07/2004",13.4,10.6
"1670","27/07/2004",20.2,17.3
"1671","28/07/2004",25.5,30
"1672","29/07/2004",36.4,33.4
"1673","30/07/2004",21.6,20.1
"1674","31/07/2004",26.9,23.4
"1675","01/08/2004",31.4,28.5
"1676","02/08/2004",44,35.1
"1677","03/08/2004",47.5,33.5
"1678","04/08/2004",28.3,24.3
"1679","05/08/2004",42.5,27.4
"1680","06/08/2004",17.1,23.2
"1681","07/08/2004",15.9,20.4
"1682","08/08/2004",32.2,30.8
"1683","09/08/2004",23.7,30.2
"1684","10/08/2004",9.5,14.8
"1685","11/08/2004",12.4,15.2
"1686","12/08/2004",12.3,14.8
"1687","13/08/2004",15.4,16.5
"1688","14/08/2004",24.6,25.6
"1689","15/08/2004",11.3,11.2
"1690","16/08/2004",10.7,12.7
"1691","17/08/2004",12.6,15.9
"1692","18/08/2004",13.7,16.1
"1693","19/08/2004",16.3,15.4
"1694","20/08/2004",13.5,14.2
"1695","21/08/2004",14,14.3
"1696","22/08/2004",16.3,17
"1697","23/08/2004",17.9,16.3
"1698","24/08/2004",14.2,13.6
"1699","25/08/2004",15,12.4
"1700","26/08/2004",14.5,14.8
"1701","27/08/2004",13.1,11.3
"1702","28/08/2004",13.2,14.5
"1703","29/08/2004",12.7,11.8
"1704","30/08/2004",14.8,12.6
"1705","31/08/2004",28.9,17.8
"1706","01/09/2004",32.1,27.1
"1707","02/09/2004",32.7,33.1
"1708","03/09/2004",34,36.6
"1709","04/09/2004",27.3,24.3
"1710","05/09/2004",37.2,30.3
"1711","06/09/2004",34.6,27.8
"1712","07/09/2004",32.6,27.3
"1713","08/09/2004",27.6,20
"1714","09/09/2004",40.7,28.1
"1715","10/09/2004",35.7,29.4
"1716","11/09/2004",11,11.1
"1717","12/09/2004",14.3,12.8
"1718","13/09/2004",14,13.1
"1719","14/09/2004",19.8,15.5
"1720","15/09/2004",24.2,18.6
"1721","16/09/2004",21.1,20.8
"1722","17/09/2004",14.7,18
"1723","18/09/2004",7.8,13
"1724","19/09/2004",9.5,12.2
"1725","20/09/2004",14.8,14.8
"1726","21/09/2004",20.8,20.1
"1727","22/09/2004",17.8,16.8
"1728","23/09/2004",11.1,8.6
"1729","24/09/2004",16.6,12.6
"1730","25/09/2004",18.9,16.6
"1731","26/09/2004",11.4,10.3
"1732","27/09/2004",16.5,14.9
"1733","28/09/2004",17.3,15.2
"1734","29/09/2004",17.4,17.9
"1735","30/09/2004",16,19.9
"1736","01/10/2004",20.9,18.9
"1737","02/10/2004",18,16.1
"1738","03/10/2004",15.3,13.7
"1739","04/10/2004",13.5,13.6
"1740","05/10/2004",17.1,17.2
"1741","06/10/2004",15.1,12.5
"1742","07/10/2004",17,16.2
"1743","08/10/2004",27.8,19.9
"1744","09/10/2004",17,13.8
"1745","10/10/2004",20.3,14.9
"1746","11/10/2004",29.3,20.6
"1747","12/10/2004",NA,17.4
"1748","13/10/2004",16.5,19.6
"1749","14/10/2004",10.5,8.8
"1750","15/10/2004",13.1,9.6
"1751","16/10/2004",13.8,10.6
"1752","17/10/2004",14.5,10.8
"1753","18/10/2004",17.3,18.5
"1754","19/10/2004",24.8,26.6
"1755","20/10/2004",15.8,15.1
"1756","21/10/2004",18.4,17.6
"1757","22/10/2004",23.1,21
"1758","23/10/2004",18,12.8
"1759","24/10/2004",20.4,16.6
"1760","25/10/2004",17.8,14.7
"1761","26/10/2004",19.9,23.2
"1762","27/10/2004",13.8,18.6
"1763","28/10/2004",14.9,20.4
"1764","29/10/2004",16.1,22.3
"1765","30/10/2004",33.8,36
"1766","31/10/2004",17.3,15
"1767","01/11/2004",21.5,19.1
"1768","02/11/2004",19.9,23
"1769","03/11/2004",20.3,27.9
"1770","04/11/2004",21.4,19.4
"1771","05/11/2004",36.5,37.3
"1772","06/11/2004",38.5,32.7
"1773","07/11/2004",20.5,18.8
"1774","08/11/2004",15.6,16.1
"1775","09/11/2004",16.1,17.5
"1776","10/11/2004",13.9,11.9
"1777","11/11/2004",25.6,17
"1778","12/11/2004",16,11.6
"1779","13/11/2004",14.3,12.8
"1780","14/11/2004",22.7,20
"1781","15/11/2004",15.2,15.5
"1782","16/11/2004",14.5,14.4
"1783","17/11/2004",14.7,14.1
"1784","18/11/2004",7.9,8.4
"1785","19/11/2004",19.4,13.3
"1786","20/11/2004",13.8,16.8
"1787","21/11/2004",13.5,17.4
"1788","22/11/2004",13.3,14.5
"1789","23/11/2004",25.9,22.2
"1790","24/11/2004",19.2,32.4
"1791","25/11/2004",15.4,28.5
"1792","26/11/2004",15,15.3
"1793","27/11/2004",11.9,14.8
"1794","28/11/2004",7.8,7
"1795","29/11/2004",21.5,20.4
"1796","30/11/2004",27,36.6
"1797","01/12/2004",21,23.2
"1798","02/12/2004",28.6,24.7
"1799","03/12/2004",25.3,26.1
"1800","04/12/2004",26.5,25.4
"1801","05/12/2004",15,13.7
"1802","06/12/2004",16.2,15.4
"1803","07/12/2004",47.3,28.5
"1804","08/12/2004",40.3,33
"1805","09/12/2004",34.3,26.2
"1806","10/12/2004",37.9,29.2
"1807","11/12/2004",54.5,43.2
"1808","12/12/2004",35.8,29.5
"1809","13/12/2004",45.9,43.9
"1810","14/12/2004",28.5,21.7
"1811","15/12/2004",31.8,25.9
"1812","16/12/2004",18.1,14.6
"1813","17/12/2004",15.6,13.2
"1814","18/12/2004",17,13.7
"1815","19/12/2004",20.6,15.9
"1816","20/12/2004",27.5,NA
"1817","21/12/2004",26.7,20.2
"1818","22/12/2004",17.3,9
"1819","23/12/2004",16.5,17.2
"1820","24/12/2004",12.9,14.3
"1821","25/12/2004",11.3,13
"1822","26/12/2004",17.3,13.7
"1823","27/12/2004",19.3,16
"1824","28/12/2004",14.1,11.4
"1825","29/12/2004",21.4,17.6
"1826","30/12/2004",17,14.6
"1827","31/12/2004",13,11.8
